{
    "beta_s": 0.36328215,
    "beta_a": 0.25152105,
    "epsilon": 0.5,
    "delta_e": 0.19607843,
    "omega_v": 0.005555556,
    "delta_r": 0.0111111,
    "p": 0.1213,
    "alpha_a": 0.16750419,
    "theta": 0.11,
    "alpha_s": 0.09250694,
    "mu": 3.913894e-05,
    "psi_v": 0.0006734235772506801,
    "N": 26446435.0,
    "T": 80.0,
    "S_0": 0.46360604600,
    "E_0": 0.00067033,
    "I_S_0": 9.283e-05,
    "I_A_0": 0.00120986,
    "R_0": 0.532520194,
    "D_0": 0.00190074,
    "V_0": 0.0,
    "X_vac_interval": 0.0,
    "N_grid_size": 500,
    "t_delivery": [
            0.0,
            80.0,
            120.0,
            180.0,
            260.0,
            320.0
        ],
    "k_stock": [
        10000.0,
        100000.0,
        600000.0,
        290000.0,
        300000.0,
        500000.0
    ],
    "low_stock": 2000.0,
    "stock_u_a": -1000.0,
    "stock_u_b": 1000.0,
    "delivery_time_u_a": -3.0,
    "delivery_time_u_b": 25.0
}
